contrast,task,estimate,SE,df,z.ratio,p.value
(claude-3-5-haiku-20241022) - (claude-3-7-sonnet-20250219),1,-0.19487329724855848,0.07432415667155719,Inf,-2.6219375499908466,0.3547734535187155
(claude-3-5-haiku-20241022) - (claude-sonnet-4-20250514),1,-0.18735086303495624,0.074450723154595,Inf,-2.516441145184406,0.4283010185871109
(claude-3-5-haiku-20241022) - (deepseek-chat),1,-0.10079908837456852,0.07596096601368933,Inf,-1.3269853408183747,0.9925451312435549
(claude-3-5-haiku-20241022) - (deepseek-reasoner),1,-0.3145966659610504,0.07240648040330525,Inf,-4.344868915168117,0.001324965879268003
(claude-3-5-haiku-20241022) - (gemini-1.5-pro),1,-0.04154148807613791,0.07705404743302036,Inf,-0.5391214278814889,0.9999998464517575
(claude-3-5-haiku-20241022) - (gemini-2.0-flash),1,-0.17727567986250098,0.07462139761146652,Inf,-2.37566818013149,0.5331115703458315
(claude-3-5-haiku-20241022) - (gemini-2.5-flash),1,-0.26701772786618244,0.07314715001186405,Inf,-3.6504187493685496,0.020989488236642928
(claude-3-5-haiku-20241022) - (gemini-2.5-pro),1,-0.41551402692822476,0.07092479675778363,Inf,-5.8585155816132,4.871485081991977e-7
(claude-3-5-haiku-20241022) - (gpt-3.5-turbo),1,1.0115831038019152,0.1065998806653902,Inf,9.489533172904817,1.2745360322696797e-13
(claude-3-5-haiku-20241022) - (gpt-4o),1,-0.04154804806385994,0.07705392368923547,Inf,-0.5392074287018334,0.9999998461270063
(claude-3-5-haiku-20241022) - (gpt-4o-mini),1,0.0528895338601167,0.07890004565855334,Inf,0.6703359094239395,0.9999973592337781
(claude-3-5-haiku-20241022) - o1,1,-0.20233901374227703,0.07419927123384373,Inf,-2.7269676693264646,0.2881893923765073
(claude-3-5-haiku-20241022) - o3,1,-0.34723716350199235,0.07191419162486545,Inf,-4.828492897665135,1.3803485097740875e-4
(claude-3-5-haiku-20241022) - (o4-mini),1,-0.214632133389969,0.07399520247638584,Inf,-2.9006222864038347,0.19570972781329665
(claude-3-7-sonnet-20250219) - (claude-sonnet-4-20250514),1,0.0075224342136022415,0.07075563071016812,Inf,0.10631569725405912,1
(claude-3-7-sonnet-20250219) - (deepseek-chat),1,0.09407420887398996,0.0723430539629979,Inf,1.3003903446225415,0.9939018200218925
(claude-3-7-sonnet-20250219) - (deepseek-reasoner),1,-0.11972336871249192,0.06860136662887521,Inf,-1.7452038435353676,0.9190634405291132
(claude-3-7-sonnet-20250219) - (gemini-1.5-pro),1,0.15333180917242056,0.07348996751099109,Inf,2.086431854109725,0.7443504471762336
(claude-3-7-sonnet-20250219) - (gemini-2.0-flash),1,0.0175976173860575,0.07093519634465166,Inf,0.24808019562751685,0.9999999999960669
(claude-3-7-sonnet-20250219) - (gemini-2.5-flash),1,-0.07214443061762396,0.06938266825236988,Inf,-1.039804787489702,0.999443382849521
(claude-3-7-sonnet-20250219) - (gemini-2.5-pro),1,-0.22064072967966628,0.06703563152609644,Inf,-3.2913948098448595,0.06805656471797861
(claude-3-7-sonnet-20250219) - (gpt-3.5-turbo),1,1.2064564010504737,0.10405279264309536,Inf,11.594656620016538,0
(claude-3-7-sonnet-20250219) - (gpt-4o),1,0.15332524918469853,0.07348983776600596,Inf,2.0863462737921825,0.7444072497246855
(claude-3-7-sonnet-20250219) - (gpt-4o-mini),1,0.2477628311086752,0.07542324776811198,Inf,3.2849663524225257,0.06938544354277298
(claude-3-7-sonnet-20250219) - o1,1,-0.007465716493718549,0.07049099907493983,Inf,-0.10591020969615789,1
(claude-3-7-sonnet-20250219) - o3,1,-0.15236386625343387,0.06808156913588663,Inf,-2.237960555070712,0.6370594995791097
(claude-3-7-sonnet-20250219) - (o4-mini),1,-0.019758836141410524,0.0702761630175635,Inf,-0.2811598598015713,0.9999999999778317
(claude-sonnet-4-20250514) - (deepseek-chat),1,0.08655177466038771,0.07247308031253721,Inf,1.1942610178446493,0.9974594403057847
(claude-sonnet-4-20250514) - (deepseek-reasoner),1,-0.12724580292609416,0.06873847115441188,Inf,-1.8511584675814698,0.8769537587751344
(claude-sonnet-4-20250514) - (gemini-1.5-pro),1,0.14580937495881832,0.0736179681739528,Inf,1.980622103211047,0.8102055782733862
(claude-sonnet-4-20250514) - (gemini-2.0-flash),1,0.01007518317245526,0.07106779857114397,Inf,0.14176861215659126,1
(claude-sonnet-4-20250514) - (gemini-2.5-flash),1,-0.0796668648312262,0.06951823190436061,Inf,-1.1459851991176577,0.9983654298605629
(claude-sonnet-4-20250514) - (gemini-2.5-pro),1,-0.22816316389326852,0.06717593175682034,Inf,-3.3965016625184843,0.049172328270073784
(claude-sonnet-4-20250514) - (gpt-3.5-turbo),1,1.1989339668368715,0.10414323583469429,Inf,11.512355624708356,0
(claude-sonnet-4-20250514) - (gpt-4o),1,0.1458028149710963,0.0736178386545884,Inf,1.980536479143276,0.810255024074043
(claude-sonnet-4-20250514) - (gpt-4o-mini),1,0.24024039689507293,0.07554797295221737,Inf,3.179971447374509,0.09430241537977069
(claude-sonnet-4-20250514) - o1,1,-0.014988150707320791,0.0706244353172604,Inf,-0.21222329976856796,0.9999999999997297
(claude-sonnet-4-20250514) - o3,1,-0.1598863004670361,0.0682197183320412,Inf,-2.3436962857107146,0.5573837630743532
(claude-sonnet-4-20250514) - (o4-mini),1,-0.027281270355012766,0.0704100064036744,Inf,-0.3874629722173846,0.99999999819119
(deepseek-chat) - (deepseek-reasoner),1,-0.21379757758648188,0.0703714117816513,Inf,-3.038131141234652,0.13883725324945906
(deepseek-chat) - (gemini-1.5-pro),1,0.059257600298430614,0.07514494938148773,Inf,0.7885772867794222,0.9999794059049639
(deepseek-chat) - (gemini-2.0-flash),1,-0.07647659148793245,0.0726484010370131,Inf,-1.0526947654218701,0.9993602128170552
(deepseek-chat) - (gemini-2.5-flash),1,-0.16621863949161392,0.07113327453873525,Inf,-2.3367213244358718,0.5626804599707621
(deepseek-chat) - (gemini-2.5-pro),1,-0.31471493855365623,0.06884594386663144,Inf,-4.571292379451183,4.7479345681955554e-4
(deepseek-chat) - (gpt-3.5-turbo),1,1.1123821921764838,0.1052281889496653,Inf,10.571142611877308,1.4521717162097048e-13
(deepseek-chat) - (gpt-4o),1,0.05925104031070858,0.07514482249405473,Inf,0.7884913204152738,0.9999794337714046
(deepseek-chat) - (gpt-4o-mini),1,0.1536886222346852,0.07703670811167958,Inf,1.9950050567047062,0.8018061204726692
(deepseek-chat) - o1,1,-0.1015399253677085,0.07221474256253252,Inf,-1.406083048482553,0.9869803699554958
(deepseek-chat) - o3,1,-0.24643807512742383,0.069864784754541,Inf,-3.5273575377530393,0.03207320461651497
(deepseek-chat) - (o4-mini),1,-0.11383304501540048,0.07200504969275445,Inf,-1.580903638024362,0.9629973482074141
(deepseek-reasoner) - (gemini-1.5-pro),1,0.2730551778849125,0.07154993685682808,Inf,3.816288174108355,0.011471883682199202
(deepseek-reasoner) - (gemini-2.0-flash),1,0.13732098609854942,0.06892329228861911,Inf,1.9923741530441141,0.8033563569403575
(deepseek-reasoner) - (gemini-2.5-flash),1,0.04757893809486796,0.06732438483392436,Inf,0.7067118134422703,0.9999948105016141
(deepseek-reasoner) - (gemini-2.5-pro),1,-0.10091736096717435,0.06490295858859138,Inf,-1.5548961582301977,0.9678479415292112
(deepseek-reasoner) - (gpt-3.5-turbo),1,1.3261797697629656,0.1026917805682526,Inf,12.914176406567803,0
(deepseek-reasoner) - (gpt-4o),1,0.2730486178971905,0.07154980359388799,Inf,3.8162035978043574,0.011475524740811704
(deepseek-reasoner) - (gpt-4o-mini),1,0.3674861998211671,0.07353423993858609,Inf,4.99748416694158,5.8952274848533825e-5
(deepseek-reasoner) - o1,1,0.11225765221877337,0.06846604333562303,Inf,1.6396106266646997,0.9500619601259723
(deepseek-reasoner) - o3,1,-0.03264049754094195,0.06598271133758576,Inf,-0.494682574863348,0.9999999511191706
(deepseek-reasoner) - (o4-mini),1,0.0999645325710814,0.06824483297600942,Inf,1.4647926914294396,0.981000194807436
(gemini-1.5-pro) - (gemini-2.0-flash),1,-0.13573419178636306,0.07379056878296088,Inf,-1.8394517622651216,0.882166841707161
(gemini-1.5-pro) - (gemini-2.5-flash),1,-0.22547623979004452,0.0722993818416097,Inf,-3.1186468548791737,0.1119121803528168
(gemini-1.5-pro) - (gemini-2.5-pro),1,-0.37397253885208687,0.07005013815093918,Inf,-5.338640989490653,9.654587828866745e-6
(gemini-1.5-pro) - (gpt-3.5-turbo),1,1.0531245918780532,0.10601994914970267,Inf,9.933268222860741,1.2945200467129325e-13
(gemini-1.5-pro) - (gpt-4o),1,-6.559987722032368e-6,0.07624960469233023,Inf,-8.603307188938412e-5,1
(gemini-1.5-pro) - (gpt-4o-mini),1,0.0944310219362546,0.07811473782041195,Inf,1.2088758737609062,0.9971125043836473
(gemini-1.5-pro) - o1,1,-0.1607975256661391,0.07336366206403876,Inf,-2.191787066542286,0.6709543658394096
(gemini-1.5-pro) - o3,1,-0.30569567542585446,0.07105171368005146,Inf,-4.302439161459406,0.001595410459184543
(gemini-1.5-pro) - (o4-mini),1,-0.1730906453138311,0.07315726245103159,Inf,-2.3660076869291102,0.5404414570269687
(gemini-2.0-flash) - (gemini-2.5-flash),1,-0.08974204800368146,0.06970098543324207,Inf,-1.2875291137689042,0.9944804472811881
(gemini-2.0-flash) - (gemini-2.5-pro),1,-0.23823834706572378,0.06736503997366265,Inf,-3.5365279551361737,0.031098351868426688
(gemini-2.0-flash) - (gpt-3.5-turbo),1,1.1888587836644162,0.10426531721228,Inf,11.402245880516025,0
(gemini-2.0-flash) - (gpt-4o),1,0.13572763179864103,0.07379043956658334,Inf,1.8393660831383163,0.882204480841522
(gemini-2.0-flash) - (gpt-4o-mini),1,0.23016521372261767,0.07571617410068619,Inf,3.039842100533864,0.13821789197924772
(gemini-2.0-flash) - o1,1,-0.02506333387977605,0.07080433367484296,Inf,-0.3539802237935776,0.9999999994727595
(gemini-2.0-flash) - o3,1,-0.16996148363949137,0.06840594106185098,Inf,-2.4846012057025333,0.45150905868089863
(gemini-2.0-flash) - (o4-mini),1,-0.037356453527468025,0.07059045123114888,Inf,-0.5291998120984392,0.9999998799714294
(gemini-2.5-flash) - (gemini-2.5-pro),1,-0.14849629906204231,0.0657282373414745,Inf,-2.2592466353626253,0.621192361854237
(gemini-2.5-flash) - (gpt-3.5-turbo),1,1.2786008316680977,0.10321535228221222,Inf,12.387700118216303,0
(gemini-2.5-flash) - (gpt-4o),1,0.2254696798023225,0.07229924996008309,Inf,3.1185618097947883,0.11193828809823803
(gemini-2.5-flash) - (gpt-4o-mini),1,0.31990726172629913,0.07426366267434703,Inf,4.3077226493543925,0.0015591118850954988
(gemini-2.5-flash) - o1,1,0.06467871412390541,0.06924887176335905,Inf,0.9340038686107259,0.999839415379693
(gemini-2.5-flash) - o3,1,-0.08021943563580991,0.0667946505786473,Inf,-1.20098593137119,0.9973044722792052
(gemini-2.5-flash) - (o4-mini),1,0.05238559447621344,0.06903017005908327,Inf,0.758879696100652,0.9999872433108897
(gemini-2.5-pro) - (gpt-3.5-turbo),1,1.4270971307301399,0.10165249720014574,Inf,14.038977595604939,0
(gemini-2.5-pro) - (gpt-4o),1,0.37396597886436483,0.07005000203481473,Inf,5.338557715937029,9.658994927330689e-6
(gemini-2.5-pro) - (gpt-4o-mini),1,0.46840356078834144,0.0720757437290337,Inf,6.498768331122445,8.488928227023962e-9
(gemini-2.5-pro) - o1,1,0.21317501318594773,0.06689714105089054,Inf,3.186608722542859,0.09253797003443864
(gemini-2.5-pro) - o3,1,0.0682768634262324,0.06435329506876675,Inf,1.060969191294292,0.999301290394797
(gemini-2.5-pro) - (o4-mini),1,0.20088189353825575,0.0666707253498121,Inf,3.0130449681514064,0.14816129105995657
(gpt-3.5-turbo) - (gpt-4o),1,-1.053131151865775,0.10601985921420995,Inf,-9.933338524228326,1.3100631690576847e-13
(gpt-3.5-turbo) - (gpt-4o-mini),1,-0.9586935699417984,0.1073690858525732,Inf,-8.928953453680005,1.0402789740737717e-13
(gpt-3.5-turbo) - o1,1,-1.2139221175441923,0.10396362461702988,Inf,-11.676412033688795,0
(gpt-3.5-turbo) - o3,1,-1.3588202673039076,0.10234527028123479,Inf,-13.276825236476512,0
(gpt-3.5-turbo) - (o4-mini),1,-1.2262152371918842,0.10381807829761208,Inf,-11.811191820337214,0
(gpt-4o) - (gpt-4o-mini),1,0.09443758192397664,0.07811461575703607,Inf,1.2089617417783982,0.9971103530977162
(gpt-4o) - o1,1,-0.16079096567841708,0.0733635320957413,Inf,-2.1917015318807267,0.671016364177222
(gpt-4o) - o3,1,-0.30568911543813243,0.07105157948268088,Inf,-4.302354960492404,0.0015959953025453943
(gpt-4o) - (o4-mini),1,-0.17308408532610906,0.07315713211601997,Inf,-2.3659222323206275,0.5405063199091259
(gpt-4o-mini) - o1,1,-0.2552285476023937,0.07530018519617564,Inf,-3.3894810077486546,0.050277269807859626
(gpt-4o-mini) - o3,1,-0.40012669736210904,0.07304955164815696,Inf,-5.477469585156642,4.466980508488483e-6
(gpt-4o-mini) - (o4-mini),1,-0.2675216672500857,0.07509910804035033,Inf,-3.5622482640718953,0.02850136491192201
o1 - o3,1,-0.14489814975971532,0.06794521059423178,Inf,-2.1325734145567057,0.7130069099613322
o1 - (o4-mini),1,-0.012293119647691975,0.07014407084812065,Inf,-0.1752552924153723,1
o3 - (o4-mini),1,0.13260503011202335,0.06772229899061427,Inf,1.958070415335446,0.8229961541522077
(claude-3-5-haiku-20241022) - (claude-3-7-sonnet-20250219),2,-0.20953261887557617,0.07453186286981667,Inf,-2.8113160037548326,0.24039531760461674
(claude-3-5-haiku-20241022) - (claude-sonnet-4-20250514),2,-0.2316773116917713,0.07416547413537991,Inf,-3.123789261683583,0.11034240861240485
(claude-3-5-haiku-20241022) - (deepseek-chat),2,-0.07386879932278903,0.076918363522996,Inf,-0.9603532360735255,0.9997772566210873
(claude-3-5-haiku-20241022) - (deepseek-reasoner),2,-0.32010415458053576,0.07276403890531111,Inf,-4.399208172007768,0.0010412772298061812
(claude-3-5-haiku-20241022) - (gemini-1.5-pro),2,-0.18434362348294042,0.07495634610051088,Inf,-2.459346447274115,0.4701720599202076
(claude-3-5-haiku-20241022) - (gemini-2.0-flash),2,-0.19953007980569484,0.07469943415646418,Inf,-2.6711056390034025,0.32268460311762326
(claude-3-5-haiku-20241022) - (gemini-2.5-flash),2,-0.3111518762737998,0.07290153073633801,Inf,-4.268111699864556,0.0018512501422814909
(claude-3-5-haiku-20241022) - (gemini-2.5-pro),2,-0.4256850091474676,0.07121408569628943,Inf,-5.9775394851365435,2.366363092143331e-7
(claude-3-5-haiku-20241022) - (gpt-3.5-turbo),2,0.7117464842099442,0.09652696206740881,Inf,7.373551067658195,1.7536749830071585e-11
(claude-3-5-haiku-20241022) - (gpt-4o),2,-0.0182173619171389,0.0779710251561599,Inf,-0.23364271382418375,0.9999999999984337
(claude-3-5-haiku-20241022) - (gpt-4o-mini),2,-0.02422548714569843,0.07785523892696326,Inf,-0.3111606550771052,0.999999999909982
(claude-3-5-haiku-20241022) - o1,2,-0.23894121962091425,0.07404665994935083,Inf,-3.22690071077283,0.08239112554606465
(claude-3-5-haiku-20241022) - o3,2,-0.3826918268446718,0.07182954875630666,Inf,-5.327777126138097,1.0246245550904476e-5
(claude-3-5-haiku-20241022) - (o4-mini),2,-0.23894483942803368,0.07404660090853225,Inf,-3.2269521692588663,0.08237877211193945
(claude-3-7-sonnet-20250219) - (claude-sonnet-4-20250514),2,-0.022144692816195116,0.07014742232203991,Inf,-0.3156879053164778,0.9999999998902169
(claude-3-7-sonnet-20250219) - (deepseek-chat),2,0.13566381955278714,0.07305188534020744,Inf,1.8570885463255575,0.8742598586696589
(claude-3-7-sonnet-20250219) - (deepseek-reasoner),2,-0.11057153570495956,0.06866402742707155,Inf,-1.6103269768496788,0.9568712453472801
(claude-3-7-sonnet-20250219) - (gemini-1.5-pro),2,0.02518899539263575,0.07098307633121494,Inf,0.35485916776980886,0.9999999994545785
(claude-3-7-sonnet-20250219) - (gemini-2.0-flash),2,0.010002539069881324,0.07071173005955272,Inf,0.14145515972324937,1
(claude-3-7-sonnet-20250219) - (gemini-2.5-flash),2,-0.10161925739822361,0.06880971216625857,Inf,-1.4768156151080876,0.9795436369074118
(claude-3-7-sonnet-20250219) - (gemini-2.5-pro),2,-0.21615239027189145,0.06701932039540635,Inf,-3.225225039535122,0.08279422511487378
(claude-3-7-sonnet-20250219) - (gpt-3.5-turbo),2,0.9212791030855204,0.09347511813668492,Inf,9.855875247339842,1.4621637234313312e-13
(claude-3-7-sonnet-20250219) - (gpt-4o),2,0.19131525695843726,0.07415945029874563,Inf,2.579782565643873,0.38345360446507293
(claude-3-7-sonnet-20250219) - (gpt-4o-mini),2,0.18530713172987778,0.07403770345623159,Inf,2.5028751984375726,0.43814137721271995
(claude-3-7-sonnet-20250219) - o1,2,-0.029408600745338066,0.07002179056808643,Inf,-0.4199921268328936,0.9999999945968336
(claude-3-7-sonnet-20250219) - o3,2,-0.17315920796909562,0.06767294421878124,Inf,-2.5587656923760504,0.39811733075861366
(claude-3-7-sonnet-20250219) - (o4-mini),2,-0.029412220552457513,0.07002172813354682,Inf,-0.42004419680076943,0.9999999945877573
(claude-sonnet-4-20250514) - (deepseek-chat),2,0.15780851236898227,0.07267803604005617,Inf,2.171337049917073,0.6856812346631147
(claude-sonnet-4-20250514) - (deepseek-reasoner),2,-0.08842684288876444,0.06826615291186544,Inf,-1.2953248296110567,0.9941354457272751
(claude-sonnet-4-20250514) - (gemini-1.5-pro),2,0.047333688208830854,0.07059827261570781,Inf,0.6704652458918565,0.999997352681436
(claude-sonnet-4-20250514) - (gemini-2.0-flash),2,0.03214723188607645,0.07032544161889787,Inf,0.4571209386822796,0.9999999830474162
(claude-sonnet-4-20250514) - (gemini-2.5-flash),2,-0.07947456458202849,0.06841268492963674,Inf,-1.161693400336049,0.9981072852410898
(claude-sonnet-4-20250514) - (gemini-2.5-pro),2,-0.19400769745569632,0.06661162268807229,Inf,-2.9125202123387997,0.19022197581050038
(claude-sonnet-4-20250514) - (gpt-3.5-turbo),2,0.9434237959017157,0.09318324249322166,Inf,10.124393299260243,1.504352198367087e-13
(claude-sonnet-4-20250514) - (gpt-4o),2,0.21345994977463237,0.07379121248150153,Inf,2.8927556899562252,0.19939810831719762
(claude-sonnet-4-20250514) - (gpt-4o-mini),2,0.20745182454607286,0.07366885708322442,Inf,2.8160043844811184,0.23789635698792178
(claude-sonnet-4-20250514) - o1,2,-0.00726390792914295,0.0696316747266763,Inf,-0.10431901799943503,1
(claude-sonnet-4-20250514) - o3,2,-0.1510145151529005,0.06726920803844275,Inf,-2.244927799158856,0.6318802327154256
(claude-sonnet-4-20250514) - (o4-mini),2,-0.007267527736262398,0.06963161194235974,Inf,-0.10437109717176121,1
(deepseek-chat) - (deepseek-reasoner),2,-0.2462353552577467,0.07124734891007872,Inf,-3.456063404808512,0.04060532607420497
(deepseek-chat) - (gemini-1.5-pro),2,-0.11047482416015138,0.07348491811010878,Inf,-1.5033673167413406,0.9760173973605994
(deepseek-chat) - (gemini-2.0-flash),2,-0.1256612804829058,0.0732228436502002,Inf,-1.7161485981507938,0.9286465722188091
(deepseek-chat) - (gemini-2.5-flash),2,-0.23728307695101075,0.07138776192463019,Inf,-3.3238621096082213,0.06166482809718754
(deepseek-chat) - (gemini-2.5-pro),2,-0.35181620982467854,0.06966365889375674,Inf,-5.050211479147678,4.492759538843316e-5
(deepseek-chat) - (gpt-3.5-turbo),2,0.7856152835327334,0.09538885561156975,Inf,8.235923143179482,1.892930256985892e-13
(deepseek-chat) - (gpt-4o),2,0.055651437405650137,0.07655756091215556,Inf,0.7269228113145646,0.9999925788784807
(deepseek-chat) - (gpt-4o-mini),2,0.04964331217709059,0.07643963368092228,Inf,0.6494446635408263,0.9999982436044241
(deepseek-chat) - o1,2,-0.16507242029812522,0.07255678616481828,Inf,-2.2750789970651484,0.6093148760150487
(deepseek-chat) - o3,2,-0.30882302752188273,0.070292698365101,Inf,-4.3933870046907675,0.0010686779282413905
(deepseek-chat) - (o4-mini),2,-0.16507604010524465,0.07255672591164032,Inf,-2.2751307756950676,0.60927594019226194
(deepseek-reasoner) - (gemini-1.5-pro),2,0.13576053109759537,0.06912455352767642,Inf,1.9639986686241513,0.819679431263111
(deepseek-reasoner) - (gemini-2.0-flash),2,0.12057407477484089,0.0688458825418617,Inf,1.751362177709406,0.9169256420920908
(deepseek-reasoner) - (gemini-2.5-flash),2,0.008952278306735957,0.06689083093637509,Inf,0.13383416204309292,1
(deepseek-reasoner) - (gemini-2.5-pro),2,-0.10558085456693189,0.06504764470153736,Inf,-1.6231310918539155,0.9539836515436746
(deepseek-reasoner) - (gpt-3.5-turbo),2,1.03185063879048,0.09207173554150372,Inf,11.20702930950342,3.3306690738754696e-14
(deepseek-reasoner) - (gpt-4o),2,0.3018867926633969,0.07238253134261578,Inf,4.170713389870889,0.002801766441422382
(deepseek-reasoner) - (gpt-4o-mini),2,0.2958786674348373,0.07225779063895744,Inf,4.094764935634715,0.003839962831759358
(deepseek-reasoner) - o1,2,0.08116293495962149,0.06813705254350597,Inf,1.1911717917031766,0.9975280503865509
(deepseek-reasoner) - o3,2,-0.06258767226413606,0.0657208806559829,Inf,-0.9523255263688921,0.9997981267713751
(deepseek-reasoner) - (o4-mini),2,0.08115931515250205,0.06813698838197844,Inf,1.1911197879413156,0.9975291917451746
(gemini-1.5-pro) - (gemini-2.0-flash),2,-0.015186456322754425,0.07115900509356163,Inf,-0.21341580454626782,0.9999999999997078
(gemini-1.5-pro) - (gemini-2.5-flash),2,-0.12680825279085936,0.06926926971102115,Inf,-1.8306567013031958,0.8859915093743695
(gemini-1.5-pro) - (gemini-2.5-pro),2,-0.24134138566452723,0.06749107010677,Inf,-3.5759010085738496,0.02720188380069255
(gemini-1.5-pro) - (gpt-3.5-turbo),2,0.8960901076928848,0.09381392726329144,Inf,9.551781210245922,1.2045919817182948e-13
(gemini-1.5-pro) - (gpt-4o),2,0.16612626156580151,0.07458605302941705,Inf,2.2273099972226795,0.6449471486622042
(gemini-1.5-pro) - (gpt-4o-mini),2,0.16011813633724198,0.07446500366593721,Inf,2.150246806614815,0.7006509428265925
(gemini-1.5-pro) - o1,2,-0.05459759613797382,0.0704734445891221,Inf,-0.7747258056746273,0.9999834822321105
(gemini-1.5-pro) - o3,2,-0.1983482033617314,0.06814016889569242,Inf,-2.9108851148484645,0.19096967126808562
(gemini-1.5-pro) - (o4-mini),2,-0.05460121594509326,0.07047338255471548,Inf,-0.7747778518038483,0.9999834683862509
(gemini-2.0-flash) - (gemini-2.5-flash),2,-0.11162179646810494,0.06899118326903526,Inf,-1.6179139301442191,0.955176845384265
(gemini-2.0-flash) - (gemini-2.5-pro),2,-0.22615492934177278,0.06720562615378338,Inf,-3.3651189979879574,0.054276940007536356
(gemini-2.0-flash) - (gpt-3.5-turbo),2,0.9112765640156392,0.09360878479683407,Inf,9.734947056448267,1.7219559111936178e-13
(gemini-2.0-flash) - (gpt-4o),2,0.18131271788855594,0.07432786118992972,Inf,2.439364122495711,0.4850717990681801
(gemini-2.0-flash) - (gpt-4o-mini),2,0.17530459265999643,0.0742063906515756,Inf,2.3623921217663244,0.5431860861769352
(gemini-2.0-flash) - o1,2,-0.03941113981521939,0.07020012845305473,Inf,-0.5614112208010416,0.9999997377280929
(gemini-2.0-flash) - o3,2,-0.18316174703897695,0.06785745544668005,Inf,-2.6992133116883354,0.30505620598940486
(gemini-2.0-flash) - (o4-mini),2,-0.03941475962233884,0.07020006617710932,Inf,-0.5614632829960368,0.9999997374072774
(gemini-2.5-flash) - (gemini-2.5-pro),2,-0.11453313287366784,0.06520141031538255,Inf,-1.7566051458038288,0.9150759107306107
(gemini-2.5-flash) - (gpt-3.5-turbo),2,1.0228983604837443,0.09218043345269977,Inf,11.096697229229461,6.328271240363392e-14
(gemini-2.5-flash) - (gpt-4o),2,0.29293451435666085,0.07252074647615048,Inf,4.039320175130805,0.00481206580134852
(gemini-2.5-flash) - (gpt-4o-mini),2,0.2869263891281013,0.07239624392138659,Inf,3.9632772860380445,0.006517053614358281
(gemini-2.5-flash) - o1,2,0.07221065665288554,0.06828386160152113,Inf,1.0575069271020392,0.9993264962297881
(gemini-2.5-flash) - o3,2,-0.07153995057087201,0.0658730747733222,Inf,-1.0860271942223778,0.9990931108739893
(gemini-2.5-flash) - (o4-mini),2,0.0722070368457661,0.06828379757791289,Inf,1.0574549074160196,0.9993268688218144
(gemini-2.5-pro) - (gpt-3.5-turbo),2,1.1374314933574117,0.09085177559838131,Inf,12.519639664342202,0
(gemini-2.5-pro) - (gpt-4o),2,0.4074676472303287,0.07082422952155215,Inf,5.753223861141113,9.118679723529866e-7
(gemini-2.5-pro) - (gpt-4o-mini),2,0.40145952200176915,0.07069673932922414,Inf,5.678614400195067,1.4123277549682456e-6
(gemini-2.5-pro) - o1,2,0.18674378952655338,0.06647930936064743,Inf,2.8090512871226783,0.24160847067586788
(gemini-2.5-pro) - o3,2,0.04299318230279583,0.06400058435634516,Inf,0.6717623399095322,0.9999972861474006
(gemini-2.5-pro) - (o4-mini),2,0.18674016971943394,0.06647924359916937,Inf,2.8089996156599946,0.2416361956260651
(gpt-3.5-turbo) - (gpt-4o),2,-0.7299638461270831,0.09623970018520137,Inf,-7.584851622795564,3.586131391841718e-12
(gpt-3.5-turbo) - (gpt-4o-mini),2,-0.7359719713556426,0.0961459170021882,Inf,-7.654739736258301,2.123523579200537e-12
(gpt-3.5-turbo) - o1,2,-0.9506877038308585,0.09308870488668276,Inf,-10.212707384726583,1.2967404927621828e-13
(gpt-3.5-turbo) - o3,2,-1.094438311054616,0.09133500535043158,Inf,-11.982681851886973,0
(gpt-3.5-turbo) - (o4-mini),2,-0.9506913236379779,0.09308865792314808,Inf,-10.212751422658252,1.3133938381315602e-13
(gpt-4o) - (gpt-4o-mini),2,-0.0060081252285595355,0.07749879814633429,Inf,-0.07752539874508649,1
(gpt-4o) - o1,2,-0.22072385770377534,0.07367179470746245,Inf,-2.9960429032607445,0.1547421723743152
(gpt-4o) - o3,2,-0.3644744649275329,0.0714430511687125,Inf,-5.101608329504682,3.437776870407472e-5
(gpt-4o) - (o4-mini),2,-0.22072747751089478,0.07367173536617139,Inf,-2.9960944507932483,0.15472189756797328
(gpt-4o-mini) - o1,2,-0.2147157324752158,0.0735492406479186,Inf,-2.919346693231865,0.18712261035486688
(gpt-4o-mini) - o3,2,-0.35846633969897335,0.07131666722978895,Inf,-5.026403414842163,5.080965930492898e-5
(gpt-4o-mini) - (o4-mini),2,-0.21471935228233524,0.07354918120774802,Inf,-2.91939826870181,0.18709933048953498
o1 - o3,2,-0.14375060722375754,0.06713819066710952,Inf,-2.1411152995843223,0.7070575138245643
o1 - (o4-mini),2,-3.61980711944751e-6,0.06950504785712401,Inf,-5.207977306753977e-5,1
o3 - (o4-mini),2,0.1437469874166381,0.06713812555097641,Inf,2.1410634603954555,0.7070937482034947
(claude-3-5-haiku-20241022) - (claude-3-7-sonnet-20250219),3,-0.23149533705677663,0.07593768775502978,Inf,-3.048490728392548,0.13511917946870144
(claude-3-5-haiku-20241022) - (claude-sonnet-4-20250514),3,-0.2466877165853965,0.07568400963770303,Inf,-3.259443015324939,0.07487594383641061
(claude-3-5-haiku-20241022) - (deepseek-chat),3,-0.21087593426344667,0.07628682003868917,Inf,-2.7642512056014406,0.26640814678818614
(claude-3-5-haiku-20241022) - (deepseek-reasoner),3,-0.3332772722053161,0.07429442476230054,Inf,-4.485898817732445,7.040056127489702e-4
(claude-3-5-haiku-20241022) - (gemini-1.5-pro),3,-0.184490307492136,0.07674181348084087,Inf,-2.404038934240136,0.5116353352256681
(claude-3-5-haiku-20241022) - (gemini-2.0-flash),3,-0.2263755484991349,0.07602385533921512,Inf,-2.9776909825088076,0.16208607907921313
(claude-3-5-haiku-20241022) - (gemini-2.5-flash),3,-0.30048378961338557,0.07480959255292009,Inf,-4.016647857035502,0.005271473142087091
(claude-3-5-haiku-20241022) - (gemini-2.5-pro),3,-0.45259401396427085,0.07252934912315089,Inf,-6.2401499453109786,4.5766165857052954e-8
(claude-3-5-haiku-20241022) - (gpt-3.5-turbo),3,0.2675021315039764,0.08612326636189396,Inf,3.1060379245245997,0.11583548849659242
(claude-3-5-haiku-20241022) - (gpt-4o),3,-0.028558318247772985,0.07962725230359334,Inf,-0.35865005285990803,0.9999999993693338
(claude-3-5-haiku-20241022) - (gpt-4o-mini),3,0.012915640261040882,0.08045389943411416,Inf,0.1605346708100562,1
(claude-3-5-haiku-20241022) - o1,3,-0.2566791922299045,0.07551880686316405,Inf,-3.398877748359997,0.04880309354237722
(claude-3-5-haiku-20241022) - o3,3,-0.415090706187631,0.07306611186058846,Inf,-5.681029079248558,1.3925932312863765e-6
(claude-3-5-haiku-20241022) - (o4-mini),3,-0.23658171056434316,0.07585242210345651,Inf,-3.118973712423646,0.11181188385952134
(claude-3-7-sonnet-20250219) - (claude-sonnet-4-20250514),3,-0.015192379528619869,0.07115877731578006,Inf,-0.2134997269725548,0.9999999999997061
(claude-3-7-sonnet-20250219) - (deepseek-chat),3,0.020619402793329966,0.07179959042943414,Inf,0.2871799500527105,0.9999999999703122
(claude-3-7-sonnet-20250219) - (deepseek-reasoner),3,-0.10178193514853946,0.06967900562570997,Inf,-1.4607259996687472,0.9814739437808531
(claude-3-7-sonnet-20250219) - (gemini-1.5-pro),3,0.047005029564640644,0.07228283482632387,Inf,0.6502931114638909,0.9999982137427446
(claude-3-7-sonnet-20250219) - (gemini-2.0-flash),3,0.005119788557641725,0.07152012901878776,Inf,0.07158528134501543,1
(claude-3-7-sonnet-20250219) - (gemini-2.5-flash),3,-0.06898845255660893,0.07022803864662222,Inf,-0.9823491284406971,0.9997099958143095
(claude-3-7-sonnet-20250219) - (gemini-2.5-pro),3,-0.2210986769074942,0.06779386962292004,Inf,-3.2613373176259026,0.0744564818291642
(claude-3-7-sonnet-20250219) - (gpt-3.5-turbo),3,0.4989974685607531,0.08217493098914497,Inf,6.072380743789965,1.3177163771249667e-7
(claude-3-7-sonnet-20250219) - (gpt-4o),3,0.20293701880900364,0.07533924331748185,Inf,2.693642912682583,0.3085067597205724
(claude-3-7-sonnet-20250219) - (gpt-4o-mini),3,0.24441097731781752,0.07621241505421825,Inf,3.206970637840845,0.08729063278961491
(claude-3-7-sonnet-20250219) - o1,3,-0.025183855173127857,0.07098304349823423,Inf,-0.35478691715655064,0.9999999994560946
(claude-3-7-sonnet-20250219) - o3,3,-0.18359536913085436,0.06836782120737983,Inf,-2.6854061733802412,0.3136482442590658
(claude-3-7-sonnet-20250219) - (o4-mini),3,-0.005086373507566508,0.07133787362386584,Inf,-0.07129976335410254,1
(claude-sonnet-4-20250514) - (deepseek-chat),3,0.03581178232194984,0.07153123848452239,Inf,0.5006453555211215,0.9999999426366977
(claude-sonnet-4-20250514) - (deepseek-reasoner),3,-0.08658955561991959,0.0694024546992441,Inf,-1.2476439917745832,0.9959925288142906
(claude-sonnet-4-20250514) - (gemini-1.5-pro),3,0.06219740909326052,0.07201628360186939,Inf,0.8636575782931127,0.9999371167453918
(claude-sonnet-4-20250514) - (gemini-2.0-flash),3,0.020312168086261594,0.07125072454483379,Inf,0.28508016186530666,0.9999999999731684
(claude-sonnet-4-20250514) - (gemini-2.5-flash),3,-0.05379607302798906,0.06995365827067604,Inf,-0.7690244421504386,0.9999849372079865
(claude-sonnet-4-20250514) - (gemini-2.5-pro),3,-0.20590629737887434,0.06750959673815185,Inf,-3.050030030212135,0.13457325605334935
(claude-sonnet-4-20250514) - (gpt-3.5-turbo),3,0.5141898480893731,0.08194056490147726,Inf,6.27515625145639,3.657502345433272e-8
(claude-sonnet-4-20250514) - (gpt-4o),3,0.21812939833762351,0.07508354331643628,Inf,2.905155893060704,0.1936057862907118
(claude-sonnet-4-20250514) - (gpt-4o-mini),3,0.25960335684643737,0.07595965443373055,Inf,3.4176479445798824,0.04596866788340925
(claude-sonnet-4-20250514) - o1,3,-0.009991475644507988,0.07071159280886881,Inf,-0.14129897584848117,1
(claude-sonnet-4-20250514) - o3,3,-0.1684029896022345,0.06808594473121964,Inf,-2.4733884543576905,0.45976988891949877
(claude-sonnet-4-20250514) - (o4-mini),3,0.010106006021053361,0.07106777825761834,Inf,0.14220236327663746,1
(deepseek-chat) - (deepseek-reasoner),3,-0.12240133794186943,0.07005933424630731,Inf,-1.7471096358344422,0.9184058824520297
(deepseek-chat) - (gemini-1.5-pro),3,0.026385626771310677,0.07264953338172639,Inf,0.36319058833690293,0.999999999251099
(deepseek-chat) - (gemini-2.0-flash),3,-0.015499614235688249,0.07189071807206399,Inf,-0.21559965808313777,0.9999999999996634
(deepseek-chat) - (gemini-2.5-flash),3,-0.0896078553499389,0.07060540986502346,Inf,-1.2691358285610472,0.9952280509680982
(deepseek-chat) - (gemini-2.5-pro),3,-0.24171807970082418,0.06818471418511458,Inf,-3.5450479273783286,0.030216000106241814
(deepseek-chat) - (gpt-3.5-turbo),3,0.47837806576742314,0.08249767131944363,Inf,5.798685685503411,6.965716188300775e-7
(deepseek-chat) - (gpt-4o),3,0.18231761601567367,0.07569113603126514,Inf,2.4087049762387656,0.5081132909723834
(deepseek-chat) - (gpt-4o-mini),3,0.22379157452448756,0.07656029452953544,Inf,2.9230761963455247,0.18544447892914206
(deepseek-chat) - o1,3,-0.04580325796645783,0.07135642195573605,Inf,-0.6418939839061801,0.9999984900241077
(deepseek-chat) - o3,3,-0.20421477192418433,0.0687554031818335,Inf,-2.9701632522481054,0.16517133884518564
(deepseek-chat) - (o4-mini),3,-0.02570577630089648,0.0717094045661176,Inf,-0.35847147883085834,0.9999999993736106
(deepseek-reasoner) - (gemini-1.5-pro),3,0.14878696471318015,0.07055449907505107,Inf,2.1088232028252474,0.7293144653033489
(deepseek-reasoner) - (gemini-2.0-flash),3,0.1069017237061812,0.06977290293566821,Inf,1.5321381110478718,0.9716827711880609
(deepseek-reasoner) - (gemini-2.5-flash),3,0.032793482591930524,0.06844783810582741,Inf,0.4791018021815155,0.9999999681479987
(deepseek-reasoner) - (gemini-2.5-pro),3,-0.11931674175895476,0.06594799381069233,Inf,-1.8092550639441833,0.8949689429562143
(deepseek-reasoner) - (gpt-3.5-turbo),3,0.6007794037092925,0.08065883964130982,Inf,7.448401271093918,1.0013434526001674e-11
(deepseek-reasoner) - (gpt-4o),3,0.30471895395754317,0.0736826350835608,Inf,4.135559940438782,0.003244688631882653
(deepseek-reasoner) - (gpt-4o-mini),3,0.346192912466357,0.07457520591727092,Inf,4.642198545859891,3.4021862587463314e-4
(deepseek-reasoner) - o1,3,0.07659807997541161,0.06922226226784489,Inf,1.106552682127422,0.9988844581685346
(deepseek-reasoner) - o3,3,-0.0818134339823149,0.06653786971229257,Inf,-1.2295769963191387,0.9965530039486293
(deepseek-reasoner) - (o4-mini),3,0.09669556164097295,0.06958607146819008,Inf,1.3895821333321776,0.9883550936822736
(gemini-1.5-pro) - (gemini-2.0-flash),3,-0.041885241006998926,0.0723733540027845,Inf,-0.5787384263742624,0.9999996087466265
(gemini-1.5-pro) - (gemini-2.5-flash),3,-0.11599348212124957,0.07109677156453285,Inf,-1.6314873315445138,0.952024312538639
(gemini-1.5-pro) - (gemini-2.5-pro),3,-0.2681037064721349,0.06869339322817936,Inf,-3.902903814659043,0.008248531503000534
(gemini-1.5-pro) - (gpt-3.5-turbo),3,0.4519924389961124,0.08291859138829312,Inf,5.451038559971571,5.180832763462817e-6
(gemini-1.5-pro) - (gpt-4o),3,0.155931989244363,0.0761496887610102,Inf,2.0477035662449423,0.7695040758725602
(gemini-1.5-pro) - (gpt-4o-mini),3,0.19740594775317685,0.07701367231307088,Inf,2.563258468583283,0.39496349655577623
(gemini-1.5-pro) - o1,3,-0.07218888473776851,0.07184264735531859,Inf,-1.0048193850755178,0.999623420479037
(gemini-1.5-pro) - o3,3,-0.23060039869549503,0.06925989092824567,Inf,-3.329494106977452,0.060609001152606146
(gemini-1.5-pro) - (o4-mini),3,-0.05209140307220716,0.07219325264816931,Inf,-0.721555009109679,0.9999932434863226
(gemini-2.0-flash) - (gemini-2.5-flash),3,-0.07410824111425066,0.07032120285689354,Inf,-1.05385343400715,0.99935223199122
(gemini-2.0-flash) - (gemini-2.5-pro),3,-0.22621846546513594,0.06789037426276136,Inf,-3.332113984076522,0.060123056504758354
(gemini-2.0-flash) - (gpt-3.5-turbo),3,0.4938776800031114,0.08225456487129083,Inf,6.004258618058639,2.0083697405137713e-7
(gemini-2.0-flash) - (gpt-4o),3,0.19781723025136191,0.07542609457438046,Inf,2.6226630368126385,0.3542889505195487
(gemini-2.0-flash) - (gpt-4o-mini),3,0.2392911887601758,0.07629827237548482,Inf,3.1362595942219755,0.10660776910064862
(gemini-2.0-flash) - o1,3,-0.030303643730769582,0.07107521806761713,Inf,-0.42636019353384647,0.9999999933765291
(gemini-2.0-flash) - o3,3,-0.1887151576884961,0.0684635168227225,Inf,-2.7564338854685158,0.27089020836122635
(gemini-2.0-flash) - (o4-mini),3,-0.010206162065208232,0.07142959031281726,Inf,-0.1428842307580315,1
(gemini-2.5-flash) - (gemini-2.5-pro),3,-0.15211022435088528,0.06652782481658592,Inf,-2.2864151168363915,0.6007779405353638
(gemini-2.5-flash) - (gpt-3.5-turbo),3,0.567985921117362,0.08113360585755129,Inf,7.000624650093723,2.675178967237457e-10
(gemini-2.5-flash) - (gpt-4o),3,0.2719254713656126,0.07420205051093204,Inf,3.664662492386924,0.019957312630088042
(gemini-2.5-flash) - (gpt-4o-mini),3,0.3133994298744264,0.0750884473455614,Inf,4.173736985559763,0.0027664270295965077
(gemini-2.5-flash) - o1,3,0.04380459738348107,0.06977488932736454,Inf,0.6277988801667885,0.9999988676357388
(gemini-2.5-flash) - o3,3,-0.11460691657424543,0.06711260457632054,Inf,-1.7076809534923398,0.9312851243747089
(gemini-2.5-flash) - (o4-mini),3,0.06390207904904241,0.07013583199438017,Inf,0.9111188565377358,0.999880373808437
(gemini-2.5-pro) - (gpt-3.5-turbo),3,0.7200961454682472,0.0790360256196489,Inf,9.110986285338042,1.8840484727888906e-13
(gemini-2.5-pro) - (gpt-4o),3,0.4240356957164979,0.07190254269721484,Inf,5.897367183551952,3.854593422225605e-7
(gemini-2.5-pro) - (gpt-4o-mini),3,0.4655096542253117,0.07281693670478101,Inf,6.392876098490796,1.7057594559055644e-8
(gemini-2.5-pro) - o1,3,0.19591482173436636,0.06732433829562288,Inf,2.9100148132774715,0.1913684819100161
(gemini-2.5-pro) - o3,3,0.03750330777663985,0.06456107991132926,Inf,0.5808965374827741,0.9999995891510847
(gemini-2.5-pro) - (o4-mini),3,0.2160123033999277,0.06769834765961474,Inf,3.1908061402920946,0.09143594159729529
(gpt-3.5-turbo) - (gpt-4o),3,-0.29606044975174933,0.0855960639921777,Inf,-3.458809154808861,0.04024355880985697
(gpt-3.5-turbo) - (gpt-4o-mini),3,-0.2545864912429355,0.08636559960825245,Inf,-2.94777657305362,0.1745993473676941
(gpt-3.5-turbo) - o1,3,-0.524181323733881,0.08178800065760694,Inf,-6.40902478993571,1.5346549586681135e-8
(gpt-3.5-turbo) - o3,3,-0.6825928376916075,0.07952888509177597,Inf,-8.582954946544247,1.3444800828210646e-13
(gpt-3.5-turbo) - (o4-mini),3,-0.5040838420683196,0.08209614363941392,Inf,-6.140164686448337,8.624225500408755e-8
(gpt-4o) - (gpt-4o-mini),3,0.041473958508813864,0.0798892927510978,Inf,0.5191428923777016,0.9999999069803559
(gpt-4o) - o1,3,-0.2281208739821315,0.07491701643916758,Inf,-3.0449807643816813,0.13637032141235628
(gpt-4o) - o3,3,-0.38653238793985806,0.07244394981307554,Inf,-5.335606202273804,9.816459124678545e-6
(gpt-4o) - (o4-mini),3,-0.20802339231657016,0.07525329960236629,Inf,-2.7643092517637458,0.266375036197686
(gpt-4o-mini) - o1,3,-0.26959483249094535,0.07579505245652263,Inf,-3.556892221238183,0.0290258819050776
(gpt-4o-mini) - o3,3,-0.42800634644867186,0.0733515950014879,Inf,-5.834997131827739,5.609129701822368e-7
(gpt-4o-mini) - (o4-mini),3,-0.24949735082538402,0.07612745710838889,Inf,-3.277363520367615,0.07098484334555288
o1 - o3,3,-0.1584115139577265,0.0679022587631558,Inf,-2.332934380139967,0.5655556333824484
o1 - (o4-mini),3,0.02009748166556135,0.07089181886272418,Inf,0.28349507725959705,0.9999999999751535
o3 - (o4-mini),3,0.17850899562328784,0.06827310227341922,Inf,2.6146313801355823,0.3596703932125923
